tube #,blendID,16S Forward Primers plate,16S primer location (row),16S primer location (column),sequence name
1,16PNPMSA,V4_Plate-1,A,1,AACCAACCGTGTGCCAGCMGCCGCGGTAA
2,16PNPMSB,V4_Plate-1,A,2,AACCTACGGTGTGCCAGCMGCCGCGGTAA
3,16PNPMSC,V4_Plate-1,A,3,AACGCCATGTGTGCCAGCMGCCGCGGTAA
4,16PNPMSD,V4_Plate-1,A,4,ACCAGAAGGTGTGCCAGCMGCCGCGGTAA
5,16PNP5AA,V4_Plate-1,A,5,ACCTACCTGTGTGCCAGCMGCCGCGGTAA
6,16PNP5AB,V4_Plate-1,A,6,AGACCTCAGTGTGCCAGCMGCCGCGGTAA
7,16PNP5AC,V4_Plate-1,A,7,AGACTGAGGTGTGCCAGCMGCCGCGGTAA
8,16PNP5AD,V4_Plate-1,A,8,AGTCCACAGTGTGCCAGCMGCCGCGGTAA
9,16PNCLDA,V4_Plate-1,A,9,AGTCTCAGGTGTGCCAGCMGCCGCGGTAA
10,16PNCLDB,V4_Plate-1,A,10,ATTAGCGCGTGTGCCAGCMGCCGCGGTAA
11,16PNCLDC,V4_Plate-1,A,11,CAACCTAGGTGTGCCAGCMGCCGCGGTAA
12,16PNCLDD,V4_Plate-1,A,12,CAACTGCAGTGTGCCAGCMGCCGCGGTAA
13,16PNCHWA,V4_Plate-1,B,1,AACCAAGGGTGTGCCAGCMGCCGCGGTAA
14,16PNCHWB,V4_Plate-1,B,2,AACCTAGCGTGTGCCAGCMGCCGCGGTAA
15,16PNCHWC,V4_Plate-1,B,3,AACGCCTAGTGTGCCAGCMGCCGCGGTAA
16,16PNCHWD,V4_Plate-1,B,4,ACCAGATCGTGTGCCAGCMGCCGCGGTAA
17,16PNNELA,V4_Plate-1,B,5,ACCTACGAGTGTGCCAGCMGCCGCGGTAA
18,16PNNELB,V4_Plate-1,B,6,AGACCTGTGTGTGCCAGCMGCCGCGGTAA
19,16PNNELC,V4_Plate-1,B,7,AGACTGTCGTGTGCCAGCMGCCGCGGTAA
20,16PNNELD,V4_Plate-1,B,8,AGTCCAGTGTGTGCCAGCMGCCGCGGTAA
21,16PNBORA,V4_Plate-1,B,9,AGTCTCTCGTGTGCCAGCMGCCGCGGTAA
22,16PNBORB,V4_Plate-1,B,10,ATTAGGCCGTGTGCCAGCMGCCGCGGTAA
23,16PNBORC,V4_Plate-1,B,11,CAACCTTCGTGTGCCAGCMGCCGCGGTAA
24,16PNBORD,V4_Plate-1,B,12,CAACTGGTGTGTGCCAGCMGCCGCGGTAA
25,16PNROSA,V4_Plate-1,C,1,AACCATCGGTGTGCCAGCMGCCGCGGTAA
26,16PNROSB,V4_Plate-1,C,2,AACCTTCCGTGTGCCAGCMGCCGCGGTAA
27,16PNROSC,V4_Plate-1,C,3,ACCAAGCTGTGTGCCAGCMGCCGCGGTAA
28,16PNROSD,V4_Plate-1,C,4,ACCAGTACGTGTGCCAGCMGCCGCGGTAA
29,16PNBNSA,V4_Plate-1,C,5,ACCTAGCAGTGTGCCAGCMGCCGCGGTAA
30,16PNBNSB,V4_Plate-1,C,6,AGACGACAGTGTGCCAGCMGCCGCGGTAA
31,16PNBNSC,V4_Plate-1,C,7,AGAGACACGTGTGCCAGCMGCCGCGGTAA
32,16PNBNSD,V4_Plate-1,C,8,AGTCCTCTGTGTGCCAGCMGCCGCGGTAA
33,16PNRADA,V4_Plate-1,C,9,AGTCTGACGTGTGCCAGCMGCCGCGGTAA
34,16PNRADB,V4_Plate-1,C,10,CAACACCAGTGTGCCAGCMGCCGCGGTAA
35,16PNRADC,V4_Plate-1,C,11,CAACGAAGGTGTGCCAGCMGCCGCGGTAA
36,16PNRADD,V4_Plate-1,C,12,CAGTTGACGTGTGCCAGCMGCCGCGGTAA
37,16PNRC2A,V4_Plate-1,D,1,AACCATGCGTGTGCCAGCMGCCGCGGTAA
38,16PNRC2B,V4_Plate-1,D,2,AACCTTGGGTGTGCCAGCMGCCGCGGTAA
39,16PNRC2C,V4_Plate-1,D,3,ACCAAGGAGTGTGCCAGCMGCCGCGGTAA
40,16PNRC2D,V4_Plate-1,D,4,ACCAGTTGGTGTGCCAGCMGCCGCGGTAA
41,16PNANAA,V4_Plate-1,D,5,ACCTAGGTGTGTGCCAGCMGCCGCGGTAA
42,16PNANAB,V4_Plate-1,D,6,AGACGAGTGTGTGCCAGCMGCCGCGGTAA
43,16PNANAC,V4_Plate-1,D,7,AGAGACTGGTGTGCCAGCMGCCGCGGTAA
44,16PNANAD,V4_Plate-1,D,8,AGTCCTGAGTGTGCCAGCMGCCGCGGTAA
45,16PNBLFA,V4_Plate-1,D,9,AGTCTGTGGTGTGCCAGCMGCCGCGGTAA
46,16PNBLFB,V4_Plate-1,D,10,CAACACGTGTGTGCCAGCMGCCGCGGTAA
47,16PNBLFC,V4_Plate-1,D,11,CAACGATCGTGTGCCAGCMGCCGCGGTAA
48,16PNBLFD,V4_Plate-1,D,12,CAGTTGTGGTGTGCCAGCMGCCGCGGTAA
49,16PNGMEA,V4_Plate-1,E,1,AACCGCATGTGTGCCAGCMGCCGCGGTAA
50,16PNGMEB,V4_Plate-1,E,2,AACGAACGGTGTGCCAGCMGCCGCGGTAA
51,16PNGMEC,V4_Plate-1,E,3,ACCACAACGTGTGCCAGCMGCCGCGGTAA
52,16PNGMED,V4_Plate-1,E,4,ACCATCCTGTGTGCCAGCMGCCGCGGTAA
53,16mock community #1a,V4_Plate-1,E,5,AGACAGACGTGTGCCAGCMGCCGCGGTAA
54,16mock community #2a,V4_Plate-1,E,6,AGACGTCTGTGTGCCAGCMGCCGCGGTAA
55,16mock community #3a,V4_Plate-1,E,7,AGAGAGAGGTGTGCCAGCMGCCGCGGTAA
56,16negative control #1a,V4_Plate-1,H,10,CAACCATGGTGTGCCAGCMGCCGCGGTAA
57,16negative control#2a,V4_Plate-1,H,11,CAACTCGAGTGTGCCAGCMGCCGCGGTAA
58,16negative control #3a,V4_Plate-1,H,12,CATCAGGTGTGTGCCAGCMGCCGCGGTAA
1,17PNP5AA,V4_Plate-2,A,1,CATCCAAGGTGTGCCAGCMGCCGCGGTAA
2,17PNP5AB,V4_Plate-2,A,2,CATCTCCAGTGTGCCAGCMGCCGCGGTAA
3,17PNP5AC,V4_Plate-2,A,3,CGAAGCAAGTGTGCCAGCMGCCGCGGTAA
4,17PNP5AD,V4_Plate-2,A,4,CGATAACCGTGTGCCAGCMGCCGCGGTAA
5,17PNMSAA,V4_Plate-2,A,5,CTAGTGCAGTGTGCCAGCMGCCGCGGTAA
6,17PNMSAB,V4_Plate-2,A,6,CTCACTCAGTGTGCCAGCMGCCGCGGTAA
7,17PNMSAC,V4_Plate-2,A,7,CTTGTCCAGTGTGCCAGCMGCCGCGGTAA
8,17PNMSAD,V4_Plate-2,A,8,GAACCAAGGTGTGCCAGCMGCCGCGGTAA
9,17PNCLDA,V4_Plate-2,A,9,GAACTCCAGTGTGCCAGCMGCCGCGGTAA
10,17PNCLDB,V4_Plate-2,A,10,GATCAGCTGTGTGCCAGCMGCCGCGGTAA
11,17PNCLDC,V4_Plate-2,A,11,GATCGTACGTGTGCCAGCMGCCGCGGTAA
12,17PNCLDD,V4_Plate-2,A,12,GCTTGCAAGTGTGCCAGCMGCCGCGGTAA
13,17PNCHWA,V4_Plate-2,B,1,CATCCATCGTGTGCCAGCMGCCGCGGTAA
14,17PNCHWB,V4_Plate-2,B,2,CATCTCGTGTGTGCCAGCMGCCGCGGTAA
15,17PNCHWC,V4_Plate-2,B,3,CGAAGCTTGTGTGCCAGCMGCCGCGGTAA
16,17PNCHWD,V4_Plate-2,B,4,CGATAAGGGTGTGCCAGCMGCCGCGGTAA
17,17PNNELA,V4_Plate-2,B,5,CTAGTGGTGTGTGCCAGCMGCCGCGGTAA
18,17PNNELB,V4_Plate-2,B,6,CTCACTGTGTGTGCCAGCMGCCGCGGTAA
19,17PNNELC,V4_Plate-2,B,7,CTTGTCGTGTGTGCCAGCMGCCGCGGTAA
20,17PNNELD,V4_Plate-2,B,8,GAACCATCGTGTGCCAGCMGCCGCGGTAA
21,17PNRC2A,V4_Plate-2,B,9,GAACTCGTGTGTGCCAGCMGCCGCGGTAA
22,17PNRC2B,V4_Plate-2,B,10,GATCAGGAGTGTGCCAGCMGCCGCGGTAA
23,17PNRC2C,V4_Plate-2,B,11,GATCGTTGGTGTGCCAGCMGCCGCGGTAA
24,17PNRC2D,V4_Plate-2,B,12,GCTTGCTTGTGTGCCAGCMGCCGCGGTAA
25,17PNBNSA,V4_Plate-2,C,1,CATCCTACGTGTGCCAGCMGCCGCGGTAA
26,17PNBNSB,V4_Plate-2,C,2,CATCTGCTGTGTGCCAGCMGCCGCGGTAA
27,17PNBNSC,V4_Plate-2,C,3,CGAAGGATGTGTGCCAGCMGCCGCGGTAA
28,17PNBNSD,V4_Plate-2,C,4,CGATATCGGTGTGCCAGCMGCCGCGGTAA
29,17PNROSA,V4_Plate-2,C,5,CTCAACAGGTGTGCCAGCMGCCGCGGTAA
30,17PNROSB,V4_Plate-2,C,6,CTCAGACAGTGTGCCAGCMGCCGCGGTAA
31,17PNROSC,V4_Plate-2,C,7,CTTGTGCTGTGTGCCAGCMGCCGCGGTAA
32,17PNROSD,V4_Plate-2,C,8,GAACCTACGTGTGCCAGCMGCCGCGGTAA
33,17PNANAA,V4_Plate-2,C,9,GAGTTCACGTGTGCCAGCMGCCGCGGTAA
34,17PNANAB,V4_Plate-2,C,10,GATCCAACGTGTGCCAGCMGCCGCGGTAA
35,17PNANAC,V4_Plate-2,C,11,GATCTCCTGTGTGCCAGCMGCCGCGGTAA
36,17PNANAD,V4_Plate-2,C,12,GCTTGGATGTGTGCCAGCMGCCGCGGTAA
37,17PNRADA,V4_Plate-2,D,1,CATCCTTGGTGTGCCAGCMGCCGCGGTAA
38,17PNRADB,V4_Plate-2,D,2,CATCTGGAGTGTGCCAGCMGCCGCGGTAA
39,17PNRADC,V4_Plate-2,D,3,CGAAGGTAGTGTGCCAGCMGCCGCGGTAA
40,17PNRADD,V4_Plate-2,D,4,CGATATGCGTGTGCCAGCMGCCGCGGTAA
41,17PNBORA,V4_Plate-2,D,5,CTCAACTCGTGTGCCAGCMGCCGCGGTAA
42,17PNBORB,V4_Plate-2,D,6,CTCAGAGTGTGTGCCAGCMGCCGCGGTAA
43,17PNBORC,V4_Plate-2,D,7,CTTGTGGAGTGTGCCAGCMGCCGCGGTAA
44,17PNBORD,V4_Plate-2,D,8,GAACCTTGGTGTGCCAGCMGCCGCGGTAA
45,17PNBLFA,V4_Plate-2,D,9,GAGTTCTGGTGTGCCAGCMGCCGCGGTAA
46,17PNBLFB,V4_Plate-2,D,10,GATCCATGGTGTGCCAGCMGCCGCGGTAA
47,17PNBLFC,V4_Plate-2,D,11,GATCTCGAGTGTGCCAGCMGCCGCGGTAA
48,17PNBLFD,V4_Plate-2,D,12,GCTTGGTAGTGTGCCAGCMGCCGCGGTAA
49,17PNFALA,V4_Plate-2,E,1,CATCGAACGTGTGCCAGCMGCCGCGGTAA
50,17PNFALB,V4_Plate-2,E,2,CGAACCATGTGTGCCAGCMGCCGCGGTAA
51,17PNFALC,V4_Plate-2,E,3,CGAATACCGTGTGCCAGCMGCCGCGGTAA
52,17PNFALD,V4_Plate-2,E,4,CGATCCAAGTGTGCCAGCMGCCGCGGTAA
53,17PNGMEA,V4_Plate-2,E,5,CTCAAGACGTGTGCCAGCMGCCGCGGTAA
54,17PNGMEB,V4_Plate-2,E,6,CTCAGTCTGTGTGCCAGCMGCCGCGGTAA
55,17PNGMEC,V4_Plate-2,E,7,GAACACCTGTGTGCCAGCMGCCGCGGTAA
56,17PNGMED,V4_Plate-2,E,8,GAACGAACGTGTGCCAGCMGCCGCGGTAA
57,17PNZNWA,V4_Plate-2,E,9,GAGTTGAGGTGTGCCAGCMGCCGCGGTAA
58,17PNZNWB,V4_Plate-2,E,10,GATCCTAGGTGTGCCAGCMGCCGCGGTAA
59,17PNZNWC,V4_Plate-2,E,11,GCTTCCATGTGTGCCAGCMGCCGCGGTAA
60,17PNZNWD,V4_Plate-2,E,12,GGAACCAAGTGTGCCAGCMGCCGCGGTAA
61,17mock community #1b,V4_Plate-2,F,1,CATCGATGGTGTGCCAGCMGCCGCGGTAA
62,17mock community #2b,V4_Plate-2,F,2,CGAACCTAGTGTGCCAGCMGCCGCGGTAA
63,17mock community #3b,V4_Plate-2,F,3,CGAATAGGGTGTGCCAGCMGCCGCGGTAA
64,17negative control #1b,V4_Plate-2,H,10,GATCGATCGTGTGCCAGCMGCCGCGGTAA
65,17negative control#2b,V4_Plate-2,H,11,GCTTCGTTGTGTGCCAGCMGCCGCGGTAA
66,17negative control #3b,V4_Plate-2,H,12,GGAACGTAGTGTGCCAGCMGCCGCGGTAA
806RB,barcoded 16S reverse primer,"used 1ul of 10uM non-barcoded 515F, 16S forward primer + 1ul of 10uM barcoded 806RB, 16S reverse primer + template of combined 16S barcoded forward primers used",,,TGT CAC TCG GAC TAC NVG GGT WTC TAA T